,agency,agency_url
0,Alameda County Sheriff,https://www.localcrimenews.com/welcome/agencyarrests/253/Alameda_County_Sheriff
1,Alameda Police,https://www.localcrimenews.com/welcome/agencyarrests/3/Alameda_Police
2,Alhambra Police,https://www.localcrimenews.com/welcome/agencyarrests/5/Alhambra_Police
3,Alpine County Sheriff,https://www.localcrimenews.com/welcome/agencyarrests/254/Alpine_County_Sheriff
4,Altadena CHP,https://www.localcrimenews.com/welcome/agencyarrests/286/Altadena_CHP
5,Altadena Sheriff Substation,https://www.localcrimenews.com/welcome/agencyarrests/328/Altadena_Sheriff_Substation
6,Alturas CHP,https://www.localcrimenews.com/welcome/agencyarrests/595/Alturas_CHP
7,Amador CHP,https://www.localcrimenews.com/welcome/agencyarrests/610/Amador_CHP
8,Amador County Sheriff,https://www.localcrimenews.com/welcome/agencyarrests/255/Amador_County_Sheriff
9,American Canyon Police,https://www.localcrimenews.com/welcome/agencyarrests/249/American_Canyon_Police
10,Anaheim Police,https://www.localcrimenews.com/welcome/agencyarrests/8/Anaheim_Police
11,Antelope Valley CHP,https://www.localcrimenews.com/welcome/agencyarrests/414/Antelope_Valley_CHP
12,Antioch Police,https://www.localcrimenews.com/welcome/agencyarrests/11/Antioch_Police
13,Arcadia Police,https://www.localcrimenews.com/welcome/agencyarrests/13/Arcadia_Police
14,Arrowhead CHP,https://www.localcrimenews.com/welcome/agencyarrests/259/Arrowhead_CHP
15,Arroyo Grande Police,https://www.localcrimenews.com/welcome/agencyarrests/15/Arroyo_Grande_Police
16,Atascadero Police,https://www.localcrimenews.com/welcome/agencyarrests/18/Atascadero_Police
17,Auburn CHP,https://www.localcrimenews.com/welcome/agencyarrests/598/Auburn_CHP
18,Avalon Sheriff Substation,https://www.localcrimenews.com/welcome/agencyarrests/22/Avalon_Sheriff_Substation
19,Azusa Police,https://www.localcrimenews.com/welcome/agencyarrests/23/Azusa_Police
20,Bakersfield CHP,https://www.localcrimenews.com/welcome/agencyarrests/124/Bakersfield_CHP
21,Bakersfield Police,https://www.localcrimenews.com/welcome/agencyarrests/24/Bakersfield_Police
22,Baldwin Park CHP,https://www.localcrimenews.com/welcome/agencyarrests/485/Baldwin_Park_CHP
23,Baldwin Park Police,https://www.localcrimenews.com/welcome/agencyarrests/25/Baldwin_Park_Police
24,Banning Police,https://www.localcrimenews.com/welcome/agencyarrests/676/Banning_Police
25,Barstow CHP,https://www.localcrimenews.com/welcome/agencyarrests/211/Barstow_CHP
26,BART Police,https://www.localcrimenews.com/welcome/agencyarrests/758/BART_Police
27,Beaumont Police,https://www.localcrimenews.com/welcome/agencyarrests/677/Beaumont_Police
28,Bell Gardens Police,https://www.localcrimenews.com/welcome/agencyarrests/32/Bell_Gardens_Police
29,Bell Police,https://www.localcrimenews.com/welcome/agencyarrests/30/Bell_Police
30,Benicia Police,https://www.localcrimenews.com/welcome/agencyarrests/35/Benicia_Police
31,Berkeley - UC Police,https://www.localcrimenews.com/welcome/agencyarrests/36/Berkeley_-_UC_Police
32,Berkeley PD Police,https://www.localcrimenews.com/welcome/agencyarrests/2130/Berkeley_PD_Police
33,Beverly Hills Police,https://www.localcrimenews.com/welcome/agencyarrests/82/Beverly_Hills_Police
34,Bishop CHP,https://www.localcrimenews.com/welcome/agencyarrests/313/Bishop_CHP
35,Blythe CHP,https://www.localcrimenews.com/welcome/agencyarrests/296/Blythe_CHP
36,Brea Police,https://www.localcrimenews.com/welcome/agencyarrests/561/Brea_Police
37,Bridgeport CHP,https://www.localcrimenews.com/welcome/agencyarrests/312/Bridgeport_CHP
38,Buellton CHP,https://www.localcrimenews.com/welcome/agencyarrests/309/Buellton_CHP
39,Buena Park Police,https://www.localcrimenews.com/welcome/agencyarrests/40/Buena_Park_Police
40,Burbank Police,https://www.localcrimenews.com/welcome/agencyarrests/41/Burbank_Police
41,Butte County Sheriff,https://www.localcrimenews.com/welcome/agencyarrests/256/Butte_County_Sheriff
42,Buttonwillow CHP,https://www.localcrimenews.com/welcome/agencyarrests/564/Buttonwillow_CHP
43,CA Dept. Of Alcoholic Beverage Control,https://www.localcrimenews.com/welcome/agencyarrests/2121/CA_Dept._Of_Alcoholic_Beverage_Control
44,Cal State Chico Police,https://www.localcrimenews.com/welcome/agencyarrests/2067/Cal_State_Chico_Police
45,Calaveras County Sheriff,https://www.localcrimenews.com/welcome/agencyarrests/611/Calaveras_County_Sheriff
46,Calistoga Police,https://www.localcrimenews.com/welcome/agencyarrests/48/Calistoga_Police
47,Campbell Police,https://www.localcrimenews.com/welcome/agencyarrests/49/Campbell_Police
48,Campus Parks Sheriff Substation,https://www.localcrimenews.com/welcome/agencyarrests/2039/Campus_Parks_Sheriff_Substation
49,Capistrano CHP,https://www.localcrimenews.com/welcome/agencyarrests/168/Capistrano_CHP
50,Capitola Police,https://www.localcrimenews.com/welcome/agencyarrests/51/Capitola_Police
51,Carlsbad Police,https://www.localcrimenews.com/welcome/agencyarrests/52/Carlsbad_Police
52,Carmel Police,https://www.localcrimenews.com/welcome/agencyarrests/53/Carmel_Police
53,Carson Sheriff Substation,https://www.localcrimenews.com/welcome/agencyarrests/55/Carson_Sheriff_Substation
54,Cathedral City Police,https://www.localcrimenews.com/welcome/agencyarrests/678/Cathedral_City_Police
55,Central Los Angeles CHP,https://www.localcrimenews.com/welcome/agencyarrests/484/Central_Los_Angeles_CHP
56,Century Sheriff Substation,https://www.localcrimenews.com/welcome/agencyarrests/272/Century_Sheriff_Substation
57,Cerritos Sheriff Substation,https://www.localcrimenews.com/welcome/agencyarrests/367/Cerritos_Sheriff_Substation
58,Chico CHP,https://www.localcrimenews.com/welcome/agencyarrests/602/Chico_CHP
59,Chico Police,https://www.localcrimenews.com/welcome/agencyarrests/59/Chico_Police
60,Chino Police,https://www.localcrimenews.com/welcome/agencyarrests/61/Chino_Police
61,Chowchilla Police,https://www.localcrimenews.com/welcome/agencyarrests/62/Chowchilla_Police
62,chp state capitol division CHP,https://www.localcrimenews.com/welcome/agencyarrests/2136/chp_state_capitol_division_CHP
63,Chula Vista Police,https://www.localcrimenews.com/welcome/agencyarrests/63/Chula_Vista_Police
64,Citrus Heights Police,https://www.localcrimenews.com/welcome/agencyarrests/671/Citrus_Heights_Police
65,Claremont Police,https://www.localcrimenews.com/welcome/agencyarrests/64/Claremont_Police
66,Clayton Police,https://www.localcrimenews.com/welcome/agencyarrests/107/Clayton_Police
67,Clear Lake CHP,https://www.localcrimenews.com/welcome/agencyarrests/591/Clear_Lake_CHP
68,Cloverdale Police,https://www.localcrimenews.com/welcome/agencyarrests/2112/Cloverdale_Police
69,Clovis Police,https://www.localcrimenews.com/welcome/agencyarrests/67/Clovis_Police
70,Coalinga CHP,https://www.localcrimenews.com/welcome/agencyarrests/483/Coalinga_CHP
71,Colma Police,https://www.localcrimenews.com/welcome/agencyarrests/71/Colma_Police
72,Colton Police,https://www.localcrimenews.com/welcome/agencyarrests/72/Colton_Police
73,Colusa County Sheriff,https://www.localcrimenews.com/welcome/agencyarrests/612/Colusa_County_Sheriff
74,Compton Sheriff Substation,https://www.localcrimenews.com/welcome/agencyarrests/74/Compton_Sheriff_Substation
75,Concord Police,https://www.localcrimenews.com/welcome/agencyarrests/75/Concord_Police
76,Contra Costa CHP,https://www.localcrimenews.com/welcome/agencyarrests/101/Contra_Costa_CHP
77,Contra Costa County Sheriff,https://www.localcrimenews.com/welcome/agencyarrests/613/Contra_Costa_County_Sheriff
78,Corona Police,https://www.localcrimenews.com/welcome/agencyarrests/78/Corona_Police
79,Coronado Police,https://www.localcrimenews.com/welcome/agencyarrests/79/Coronado_Police
80,Costa Mesa Police,https://www.localcrimenews.com/welcome/agencyarrests/81/Costa_Mesa_Police
81,Cotati Police,https://www.localcrimenews.com/welcome/agencyarrests/91/Cotati_Police
82,Covina Police,https://www.localcrimenews.com/welcome/agencyarrests/443/Covina_Police
83,Crescent City CHP,https://www.localcrimenews.com/welcome/agencyarrests/229/Crescent_City_CHP
84,Crescenta Valley Sheriff Substation,https://www.localcrimenews.com/welcome/agencyarrests/271/Crescenta_Valley_Sheriff_Substation
85,Culver City Police,https://www.localcrimenews.com/welcome/agencyarrests/330/Culver_City_Police
86,Cypress Police,https://www.localcrimenews.com/welcome/agencyarrests/556/Cypress_Police
87,Daly City Police,https://www.localcrimenews.com/welcome/agencyarrests/557/Daly_City_Police
88,Davis Police,https://www.localcrimenews.com/welcome/agencyarrests/136/Davis_Police
89,Del Norte County Sheriff,https://www.localcrimenews.com/welcome/agencyarrests/2102/Del_Norte_County_Sheriff
90,Delano Police,https://www.localcrimenews.com/welcome/agencyarrests/137/Delano_Police
91,Desert Hot Springs Police,https://www.localcrimenews.com/welcome/agencyarrests/761/Desert_Hot_Springs_Police
92,Dinuba Police,https://www.localcrimenews.com/welcome/agencyarrests/334/Dinuba_Police
93,Dixon Police,https://www.localcrimenews.com/welcome/agencyarrests/335/Dixon_Police
94,Downey Police,https://www.localcrimenews.com/welcome/agencyarrests/126/Downey_Police
95,Dublin CHP,https://www.localcrimenews.com/welcome/agencyarrests/122/Dublin_CHP
96,Dublin Police,https://www.localcrimenews.com/welcome/agencyarrests/110/Dublin_Police
97,East Los Angeles CHP,https://www.localcrimenews.com/welcome/agencyarrests/487/East_Los_Angeles_CHP
98,East Los Angeles Sheriff Substation,https://www.localcrimenews.com/welcome/agencyarrests/445/East_Los_Angeles_Sheriff_Substation
99,East Palo Alto Police,https://www.localcrimenews.com/welcome/agencyarrests/112/East_Palo_Alto_Police
100,El Cajon CHP,https://www.localcrimenews.com/welcome/agencyarrests/299/El_Cajon_CHP
101,El Cajon Police,https://www.localcrimenews.com/welcome/agencyarrests/113/El_Cajon_Police
102,El Centro CHP,https://www.localcrimenews.com/welcome/agencyarrests/290/El_Centro_CHP
103,El Cerrito Police,https://www.localcrimenews.com/welcome/agencyarrests/673/El_Cerrito_Police
104,El Dorado County Sheriff,https://www.localcrimenews.com/welcome/agencyarrests/615/El_Dorado_County_Sheriff
105,El Monte Police,https://www.localcrimenews.com/welcome/agencyarrests/115/El_Monte_Police
106,El Segundo Police,https://www.localcrimenews.com/welcome/agencyarrests/116/El_Segundo_Police
107,Emeryville Police,https://www.localcrimenews.com/welcome/agencyarrests/117/Emeryville_Police
108,Escondido Police,https://www.localcrimenews.com/welcome/agencyarrests/491/Escondido_Police
109,Fairfield Police,https://www.localcrimenews.com/welcome/agencyarrests/496/Fairfield_Police
110,Folsom Police,https://www.localcrimenews.com/welcome/agencyarrests/502/Folsom_Police
111,Fontana Police,https://www.localcrimenews.com/welcome/agencyarrests/503/Fontana_Police
112,Fort Tejon CHP,https://www.localcrimenews.com/welcome/agencyarrests/565/Fort_Tejon_CHP
113,Fountain Valley Police,https://www.localcrimenews.com/welcome/agencyarrests/508/Fountain_Valley_Police
114,Fremont Police,https://www.localcrimenews.com/welcome/agencyarrests/2030/Fremont_Police
115,Fresno CHP,https://www.localcrimenews.com/welcome/agencyarrests/566/Fresno_CHP
116,Fresno County Sheriff,https://www.localcrimenews.com/welcome/agencyarrests/616/Fresno_County_Sheriff
117,Fresno Police,https://www.localcrimenews.com/welcome/agencyarrests/512/Fresno_Police
118,Fullerton Police,https://www.localcrimenews.com/welcome/agencyarrests/513/Fullerton_Police
119,Galt Police,https://www.localcrimenews.com/welcome/agencyarrests/514/Galt_Police
120,Garberville CHP,https://www.localcrimenews.com/welcome/agencyarrests/231/Garberville_CHP
121,Garden Grove Police,https://www.localcrimenews.com/welcome/agencyarrests/516/Garden_Grove_Police
122,Gardena Police,https://www.localcrimenews.com/welcome/agencyarrests/515/Gardena_Police
123,Gilroy Police,https://www.localcrimenews.com/welcome/agencyarrests/517/Gilroy_Police
124,Glendale Police,https://www.localcrimenews.com/welcome/agencyarrests/560/Glendale_Police
125,Glendora Police,https://www.localcrimenews.com/welcome/agencyarrests/518/Glendora_Police
126,Glenn County Sheriff,https://www.localcrimenews.com/welcome/agencyarrests/617/Glenn_County_Sheriff
127,Gold Run CHP,https://www.localcrimenews.com/welcome/agencyarrests/662/Gold_Run_CHP
128,Grass Valley CHP,https://www.localcrimenews.com/welcome/agencyarrests/600/Grass_Valley_CHP
129,Grass Valley Police,https://www.localcrimenews.com/welcome/agencyarrests/522/Grass_Valley_Police
130,Gridley Police,https://www.localcrimenews.com/welcome/agencyarrests/337/Gridley_Police
131,Grover Beach Police,https://www.localcrimenews.com/welcome/agencyarrests/338/Grover_Beach_Police
132,Hanford CHP,https://www.localcrimenews.com/welcome/agencyarrests/567/Hanford_CHP
133,Hawthorne Police,https://www.localcrimenews.com/welcome/agencyarrests/141/Hawthorne_Police
134,Hayward CHP,https://www.localcrimenews.com/welcome/agencyarrests/106/Hayward_CHP
135,Hayward Police,https://www.localcrimenews.com/welcome/agencyarrests/142/Hayward_Police
136,Healdsburg Police,https://www.localcrimenews.com/welcome/agencyarrests/143/Healdsburg_Police
137,Hemet Police,https://www.localcrimenews.com/welcome/agencyarrests/144/Hemet_Police
138,Hermosa Beach Police,https://www.localcrimenews.com/welcome/agencyarrests/155/Hermosa_Beach_Police
139,Hollister-Gilroy CHP,https://www.localcrimenews.com/welcome/agencyarrests/170/Hollister-Gilroy_CHP
140,Humboldt CHP,https://www.localcrimenews.com/welcome/agencyarrests/230/Humboldt_CHP
141,Humboldt County Sheriff,https://www.localcrimenews.com/welcome/agencyarrests/618/Humboldt_County_Sheriff
142,Huntington Beach Police,https://www.localcrimenews.com/welcome/agencyarrests/162/Huntington_Beach_Police
143,Huntington Park Police,https://www.localcrimenews.com/welcome/agencyarrests/341/Huntington_Park_Police
144,Imperial County Sheriff,https://www.localcrimenews.com/welcome/agencyarrests/2095/Imperial_County_Sheriff
145,Indio CHP,https://www.localcrimenews.com/welcome/agencyarrests/291/Indio_CHP
146,Indio Police,https://www.localcrimenews.com/welcome/agencyarrests/679/Indio_Police
147,Industry Sheriff Substation,https://www.localcrimenews.com/welcome/agencyarrests/128/Industry_Sheriff_Substation
148,Inglewood Police,https://www.localcrimenews.com/welcome/agencyarrests/129/Inglewood_Police
149,Inyo County Sheriff,https://www.localcrimenews.com/welcome/agencyarrests/239/Inyo_County_Sheriff
150,Irvine Police,https://www.localcrimenews.com/welcome/agencyarrests/131/Irvine_Police
151,Irwindale Police,https://www.localcrimenews.com/welcome/agencyarrests/132/Irwindale_Police
152,Kern County Sheriff,https://www.localcrimenews.com/welcome/agencyarrests/620/Kern_County_Sheriff
153,King City CHP,https://www.localcrimenews.com/welcome/agencyarrests/305/King_City_CHP
154,Kings County Sheriff,https://www.localcrimenews.com/welcome/agencyarrests/621/Kings_County_Sheriff
155,Kingsburg Police,https://www.localcrimenews.com/welcome/agencyarrests/398/Kingsburg_Police
156,La Habra Police,https://www.localcrimenews.com/welcome/agencyarrests/402/La_Habra_Police
157,La Mesa Police,https://www.localcrimenews.com/welcome/agencyarrests/408/La_Mesa_Police
158,La Verne Police,https://www.localcrimenews.com/welcome/agencyarrests/149/La_Verne_Police
159,Lake County Sheriff,https://www.localcrimenews.com/welcome/agencyarrests/622/Lake_County_Sheriff
160,Lakewood Sheriff Substation,https://www.localcrimenews.com/welcome/agencyarrests/58/Lakewood_Sheriff_Substation
161,Lancaster Sheriff Substation,https://www.localcrimenews.com/welcome/agencyarrests/147/Lancaster_Sheriff_Substation
162,Lassen County Sheriff,https://www.localcrimenews.com/welcome/agencyarrests/623/Lassen_County_Sheriff
163,Lennox Sheriff Substation,https://www.localcrimenews.com/welcome/agencyarrests/150/Lennox_Sheriff_Substation
164,Livermore Police,https://www.localcrimenews.com/welcome/agencyarrests/198/Livermore_Police
165,Lomita Sheriff Substation,https://www.localcrimenews.com/welcome/agencyarrests/202/Lomita_Sheriff_Substation
166,Lompoc Police,https://www.localcrimenews.com/welcome/agencyarrests/203/Lompoc_Police
167,Long Beach Police,https://www.localcrimenews.com/welcome/agencyarrests/204/Long_Beach_Police
168,Los Altos Police,https://www.localcrimenews.com/welcome/agencyarrests/207/Los_Altos_Police
169,Los Angeles County Sheriff,https://www.localcrimenews.com/welcome/agencyarrests/467/Los_Angeles_County_Sheriff
170,Los Angeles Police,https://www.localcrimenews.com/welcome/agencyarrests/460/Los_Angeles_Police
171,Los Banos CHP,https://www.localcrimenews.com/welcome/agencyarrests/314/Los_Banos_CHP
172,Los Gatos - Monte Sereno Police,https://www.localcrimenews.com/welcome/agencyarrests/462/Los_Gatos_-_Monte_Sereno_Police
173,Madera CHP,https://www.localcrimenews.com/welcome/agencyarrests/568/Madera_CHP
174,Madera County Sheriff,https://www.localcrimenews.com/welcome/agencyarrests/468/Madera_County_Sheriff
175,Madera Police,https://www.localcrimenews.com/welcome/agencyarrests/466/Madera_Police
176,Malibu - Lost Hills Sheriff Substation,https://www.localcrimenews.com/welcome/agencyarrests/464/Malibu_-_Lost_Hills_Sheriff_Substation
177,Manhattan Beach Police,https://www.localcrimenews.com/welcome/agencyarrests/346/Manhattan_Beach_Police
178,Marin CHP,https://www.localcrimenews.com/welcome/agencyarrests/108/Marin_CHP
179,Marin County Sheriff,https://www.localcrimenews.com/welcome/agencyarrests/469/Marin_County_Sheriff
180,Marina Del Rey Sheriff Substation,https://www.localcrimenews.com/welcome/agencyarrests/270/Marina_Del_Rey_Sheriff_Substation
181,Marina Police,https://www.localcrimenews.com/welcome/agencyarrests/324/Marina_Police
182,Mariposa CHP,https://www.localcrimenews.com/welcome/agencyarrests/569/Mariposa_CHP
183,Mariposa County Sheriff,https://www.localcrimenews.com/welcome/agencyarrests/470/Mariposa_County_Sheriff
184,Martinez Police,https://www.localcrimenews.com/welcome/agencyarrests/325/Martinez_Police
185,Mendocino County Sheriff,https://www.localcrimenews.com/welcome/agencyarrests/471/Mendocino_County_Sheriff
186,Menlo Park Police,https://www.localcrimenews.com/welcome/agencyarrests/357/Menlo_Park_Police
187,Merced CHP,https://www.localcrimenews.com/welcome/agencyarrests/570/Merced_CHP
188,Merced County Sheriff,https://www.localcrimenews.com/welcome/agencyarrests/216/Merced_County_Sheriff
189,Merced Police,https://www.localcrimenews.com/welcome/agencyarrests/358/Merced_Police
190,Milpitas Police,https://www.localcrimenews.com/welcome/agencyarrests/361/Milpitas_Police
191,Modesto CHP,https://www.localcrimenews.com/welcome/agencyarrests/315/Modesto_CHP
192,Modesto Police,https://www.localcrimenews.com/welcome/agencyarrests/362/Modesto_Police
193,Modoc County Sheriff,https://www.localcrimenews.com/welcome/agencyarrests/217/Modoc_County_Sheriff
194,Mojave CHP,https://www.localcrimenews.com/welcome/agencyarrests/209/Mojave_CHP
195,Mono County Sheriff,https://www.localcrimenews.com/welcome/agencyarrests/2041/Mono_County_Sheriff
196,Monrovia Police,https://www.localcrimenews.com/welcome/agencyarrests/364/Monrovia_Police
197,Montclair Police,https://www.localcrimenews.com/welcome/agencyarrests/366/Montclair_Police
198,Montebello Police,https://www.localcrimenews.com/welcome/agencyarrests/431/Montebello_Police
199,Monterey CHP,https://www.localcrimenews.com/welcome/agencyarrests/488/Monterey_CHP
200,Monterey County Sheriff,https://www.localcrimenews.com/welcome/agencyarrests/237/Monterey_County_Sheriff
201,Monterey Park Police,https://www.localcrimenews.com/welcome/agencyarrests/432/Monterey_Park_Police
202,Monterey Police,https://www.localcrimenews.com/welcome/agencyarrests/665/Monterey_Police
203,Moorpark CHP,https://www.localcrimenews.com/welcome/agencyarrests/656/Moorpark_CHP
204,Morgan Hill Police,https://www.localcrimenews.com/welcome/agencyarrests/434/Morgan_Hill_Police
205,Morongo Basin CHP,https://www.localcrimenews.com/welcome/agencyarrests/260/Morongo_Basin_CHP
206,Morro Bay Police,https://www.localcrimenews.com/welcome/agencyarrests/435/Morro_Bay_Police
207,Mount Shasta CHP,https://www.localcrimenews.com/welcome/agencyarrests/589/Mount_Shasta_CHP
208,Mountain View Police,https://www.localcrimenews.com/welcome/agencyarrests/436/Mountain_View_Police
209,Murrieta Police,https://www.localcrimenews.com/welcome/agencyarrests/681/Murrieta_Police
210,Napa CHP,https://www.localcrimenews.com/welcome/agencyarrests/102/Napa_CHP
211,Napa County Sheriff,https://www.localcrimenews.com/welcome/agencyarrests/479/Napa_County_Sheriff
212,Napa Police,https://www.localcrimenews.com/welcome/agencyarrests/2118/Napa_Police
213,National City Police,https://www.localcrimenews.com/welcome/agencyarrests/439/National_City_Police
214,Needles CHP,https://www.localcrimenews.com/welcome/agencyarrests/210/Needles_CHP
215,Nevada City Police,https://www.localcrimenews.com/welcome/agencyarrests/441/Nevada_City_Police
216,Nevada County Sheriff,https://www.localcrimenews.com/welcome/agencyarrests/480/Nevada_County_Sheriff
217,Newark Police,https://www.localcrimenews.com/welcome/agencyarrests/442/Newark_Police
218,Newhall CHP,https://www.localcrimenews.com/welcome/agencyarrests/459/Newhall_CHP
219,Newport Beach Police,https://www.localcrimenews.com/welcome/agencyarrests/274/Newport_Beach_Police
220,North Sacramento CHP,https://www.localcrimenews.com/welcome/agencyarrests/597/North_Sacramento_CHP
221,Norwalk Sheriff Substation,https://www.localcrimenews.com/welcome/agencyarrests/389/Norwalk_Sheriff_Substation
222,Novato Police,https://www.localcrimenews.com/welcome/agencyarrests/276/Novato_Police
223,Oakhurst CHP,https://www.localcrimenews.com/welcome/agencyarrests/663/Oakhurst_CHP
224,Oakland CHP,https://www.localcrimenews.com/welcome/agencyarrests/121/Oakland_CHP
225,Oakland Police,https://www.localcrimenews.com/welcome/agencyarrests/278/Oakland_Police
226,Oceanside CHP,https://www.localcrimenews.com/welcome/agencyarrests/293/Oceanside_CHP
227,Oceanside Police,https://www.localcrimenews.com/welcome/agencyarrests/279/Oceanside_Police
228,Ontario Police,https://www.localcrimenews.com/welcome/agencyarrests/379/Ontario_Police
229,Orange County Sheriff,https://www.localcrimenews.com/welcome/agencyarrests/558/Orange_County_Sheriff
230,Orange Police,https://www.localcrimenews.com/welcome/agencyarrests/446/Orange_Police
231,Oroville CHP,https://www.localcrimenews.com/welcome/agencyarrests/601/Oroville_CHP
232,Oxnard Police,https://www.localcrimenews.com/welcome/agencyarrests/451/Oxnard_Police
233,Palm Springs Police,https://www.localcrimenews.com/welcome/agencyarrests/529/Palm_Springs_Police
234,Palmdale Sheriff Substation,https://www.localcrimenews.com/welcome/agencyarrests/527/Palmdale_Sheriff_Substation
235,Palo Alto Police,https://www.localcrimenews.com/welcome/agencyarrests/281/Palo_Alto_Police
236,Palos Verdes Estates Police,https://www.localcrimenews.com/welcome/agencyarrests/282/Palos_Verdes_Estates_Police
237,Parlier Police,https://www.localcrimenews.com/welcome/agencyarrests/284/Parlier_Police
238,Pasadena Police,https://www.localcrimenews.com/welcome/agencyarrests/153/Pasadena_Police
239,Paso Robles Police,https://www.localcrimenews.com/welcome/agencyarrests/409/Paso_Robles_Police
240,Petaluma Police,https://www.localcrimenews.com/welcome/agencyarrests/412/Petaluma_Police
241,Pico Rivera Sheriff Substation,https://www.localcrimenews.com/welcome/agencyarrests/413/Pico_Rivera_Sheriff_Substation
242,Piedmont Police,https://www.localcrimenews.com/welcome/agencyarrests/453/Piedmont_Police
243,Pinole Police,https://www.localcrimenews.com/welcome/agencyarrests/2091/Pinole_Police
244,Pismo Beach Police,https://www.localcrimenews.com/welcome/agencyarrests/457/Pismo_Beach_Police
245,Pittsburg Police,https://www.localcrimenews.com/welcome/agencyarrests/458/Pittsburg_Police
246,Placentia Police,https://www.localcrimenews.com/welcome/agencyarrests/380/Placentia_Police
247,Placer County Sheriff,https://www.localcrimenews.com/welcome/agencyarrests/151/Placer_County_Sheriff
248,Placerville CHP,https://www.localcrimenews.com/welcome/agencyarrests/603/Placerville_CHP
249,Pleasant Hill Police,https://www.localcrimenews.com/welcome/agencyarrests/382/Pleasant_Hill_Police
250,Pleasanton Police,https://www.localcrimenews.com/welcome/agencyarrests/383/Pleasanton_Police
251,Plumas County Sheriff,https://www.localcrimenews.com/welcome/agencyarrests/2063/Plumas_County_Sheriff
252,Pomona Police,https://www.localcrimenews.com/welcome/agencyarrests/386/Pomona_Police
253,Porterville CHP,https://www.localcrimenews.com/welcome/agencyarrests/482/Porterville_CHP
254,Porterville Police,https://www.localcrimenews.com/welcome/agencyarrests/387/Porterville_Police
255,Quincy CHP,https://www.localcrimenews.com/welcome/agencyarrests/594/Quincy_CHP
256,Rancho Cucamonga CHP,https://www.localcrimenews.com/welcome/agencyarrests/311/Rancho_Cucamonga_CHP
257,Red Bluff CHP,https://www.localcrimenews.com/welcome/agencyarrests/232/Red_Bluff_CHP
258,Redding CHP,https://www.localcrimenews.com/welcome/agencyarrests/233/Redding_CHP
259,Redding Police,https://www.localcrimenews.com/welcome/agencyarrests/579/Redding_Police
260,Redlands Police,https://www.localcrimenews.com/welcome/agencyarrests/580/Redlands_Police
261,Redondo Beach Police,https://www.localcrimenews.com/welcome/agencyarrests/581/Redondo_Beach_Police
262,Redwood City CHP,https://www.localcrimenews.com/welcome/agencyarrests/103/Redwood_City_CHP
263,Redwood City Police,https://www.localcrimenews.com/welcome/agencyarrests/582/Redwood_City_Police
264,Reedley Police,https://www.localcrimenews.com/welcome/agencyarrests/583/Reedley_Police
265,Rialto Police,https://www.localcrimenews.com/welcome/agencyarrests/584/Rialto_Police
266,Richmond Police,https://www.localcrimenews.com/welcome/agencyarrests/585/Richmond_Police
267,Riverside CHP,https://www.localcrimenews.com/welcome/agencyarrests/212/Riverside_CHP
268,Riverside County - Blythe Jail - Sheriff,https://www.localcrimenews.com/welcome/agencyarrests/87/Riverside_County_-_Blythe_Jail_-_Sheriff
269,Riverside County - Robert Presley DC - Sheriff,https://www.localcrimenews.com/welcome/agencyarrests/2035/Riverside_County_-_Robert_Presley_DC_-_Sheriff
270,Riverside County - Southwest DC - Sheriff,https://www.localcrimenews.com/welcome/agencyarrests/571/Riverside_County_-_Southwest_DC_-_Sheriff
271,Riverside Police,https://www.localcrimenews.com/welcome/agencyarrests/317/Riverside_Police
272,Riverside SD - Banning Smith Correctional Facility Sheriff,https://www.localcrimenews.com/welcome/agencyarrests/26/Riverside_SD_-_Banning_Smith_Correctional_Facility_Sheriff
273,Riverside SD - John Benoit Detention Center Sheriff,https://www.localcrimenews.com/welcome/agencyarrests/327/Riverside_SD_-_John_Benoit_Detention_Center_Sheriff
274,Rohnert Park Police,https://www.localcrimenews.com/welcome/agencyarrests/172/Rohnert_Park_Police
275,Roseville Police,https://www.localcrimenews.com/welcome/agencyarrests/176/Roseville_Police
276,Sacramento County Sheriff,https://www.localcrimenews.com/welcome/agencyarrests/550/Sacramento_County_Sheriff
277,San Andreas CHP,https://www.localcrimenews.com/welcome/agencyarrests/605/San_Andreas_CHP
278,San Benito County Sheriff,https://www.localcrimenews.com/welcome/agencyarrests/417/San_Benito_County_Sheriff
279,San Bernardino CHP,https://www.localcrimenews.com/welcome/agencyarrests/215/San_Bernardino_CHP
280,San Bernardino County Sheriff,https://www.localcrimenews.com/welcome/agencyarrests/418/San_Bernardino_County_Sheriff
281,San Diego CHP,https://www.localcrimenews.com/welcome/agencyarrests/292/San_Diego_CHP
282,San Diego County Sheriff,https://www.localcrimenews.com/welcome/agencyarrests/419/San_Diego_County_Sheriff
283,San Diego Police,https://www.localcrimenews.com/welcome/agencyarrests/302/San_Diego_Police
284,San Dimas Sheriff Substation,https://www.localcrimenews.com/welcome/agencyarrests/303/San_Dimas_Sheriff_Substation
285,San Francisco CHP,https://www.localcrimenews.com/welcome/agencyarrests/104/San_Francisco_CHP
286,San Francisco County Sheriff,https://www.localcrimenews.com/welcome/agencyarrests/2056/San_Francisco_County_Sheriff
287,San Francisco Police,https://www.localcrimenews.com/welcome/agencyarrests/318/San_Francisco_Police
288,San Gabriel Police,https://www.localcrimenews.com/welcome/agencyarrests/319/San_Gabriel_Police
289,San Gorgonio Pass CHP,https://www.localcrimenews.com/welcome/agencyarrests/295/San_Gorgonio_Pass_CHP
290,San Joaquin County Sheriff,https://www.localcrimenews.com/welcome/agencyarrests/257/San_Joaquin_County_Sheriff
291,San Jose CHP,https://www.localcrimenews.com/welcome/agencyarrests/105/San_Jose_CHP
292,San Jose Police,https://www.localcrimenews.com/welcome/agencyarrests/531/San_Jose_Police
293,San Leandro Police,https://www.localcrimenews.com/welcome/agencyarrests/208/San_Leandro_Police
294,San Luis Obispo CHP,https://www.localcrimenews.com/welcome/agencyarrests/307/San_Luis_Obispo_CHP
295,San Luis Obispo County Sheriff,https://www.localcrimenews.com/welcome/agencyarrests/258/San_Luis_Obispo_County_Sheriff
296,San Luis Obispo Police,https://www.localcrimenews.com/welcome/agencyarrests/214/San_Luis_Obispo_Police
297,San Marino Police,https://www.localcrimenews.com/welcome/agencyarrests/422/San_Marino_Police
298,San Mateo County Sheriff,https://www.localcrimenews.com/welcome/agencyarrests/472/San_Mateo_County_Sheriff
299,San Mateo Police,https://www.localcrimenews.com/welcome/agencyarrests/423/San_Mateo_Police
300,San Pablo Police,https://www.localcrimenews.com/welcome/agencyarrests/424/San_Pablo_Police
301,San Rafael Police,https://www.localcrimenews.com/welcome/agencyarrests/425/San_Rafael_Police
302,San Ramon Police,https://www.localcrimenews.com/welcome/agencyarrests/426/San_Ramon_Police
303,Sanger Police,https://www.localcrimenews.com/welcome/agencyarrests/320/Sanger_Police
304,Santa Ana CHP,https://www.localcrimenews.com/welcome/agencyarrests/298/Santa_Ana_CHP
305,Santa Ana Police,https://www.localcrimenews.com/welcome/agencyarrests/427/Santa_Ana_Police
306,Santa Barbara CHP,https://www.localcrimenews.com/welcome/agencyarrests/310/Santa_Barbara_CHP
307,Santa Barbara County Sheriff,https://www.localcrimenews.com/welcome/agencyarrests/473/Santa_Barbara_County_Sheriff
308,Santa Barbara Police,https://www.localcrimenews.com/welcome/agencyarrests/428/Santa_Barbara_Police
309,Santa Clara County Sheriff,https://www.localcrimenews.com/welcome/agencyarrests/474/Santa_Clara_County_Sheriff
310,Santa Clara Police,https://www.localcrimenews.com/welcome/agencyarrests/265/Santa_Clara_Police
311,Santa Clarita Valley Sheriff Substation,https://www.localcrimenews.com/welcome/agencyarrests/429/Santa_Clarita_Valley_Sheriff_Substation
312,Santa Cruz CHP,https://www.localcrimenews.com/welcome/agencyarrests/169/Santa_Cruz_CHP
313,Santa Cruz County Sheriff,https://www.localcrimenews.com/welcome/agencyarrests/475/Santa_Cruz_County_Sheriff
314,Santa Cruz Police,https://www.localcrimenews.com/welcome/agencyarrests/388/Santa_Cruz_Police
315,Santa Fe Springs CHP,https://www.localcrimenews.com/welcome/agencyarrests/415/Santa_Fe_Springs_CHP
316,Santa Fe Springs Police,https://www.localcrimenews.com/welcome/agencyarrests/2052/Santa_Fe_Springs_Police
317,Santa Maria CHP,https://www.localcrimenews.com/welcome/agencyarrests/308/Santa_Maria_CHP
318,Santa Monica Police,https://www.localcrimenews.com/welcome/agencyarrests/391/Santa_Monica_Police
319,Santa Paula Police,https://www.localcrimenews.com/welcome/agencyarrests/392/Santa_Paula_Police
320,Santa Rosa CHP,https://www.localcrimenews.com/welcome/agencyarrests/118/Santa_Rosa_CHP
321,Santa Rosa Police,https://www.localcrimenews.com/welcome/agencyarrests/393/Santa_Rosa_Police
322,Seaside Police,https://www.localcrimenews.com/welcome/agencyarrests/534/Seaside_Police
323,Sebastopol Police,https://www.localcrimenews.com/welcome/agencyarrests/535/Sebastopol_Police
324,Selma Police,https://www.localcrimenews.com/welcome/agencyarrests/536/Selma_Police
325,Shafter Police,https://www.localcrimenews.com/welcome/agencyarrests/537/Shafter_Police
326,Shasta County Sheriff,https://www.localcrimenews.com/welcome/agencyarrests/476/Shasta_County_Sheriff
327,Simi Valley Police,https://www.localcrimenews.com/welcome/agencyarrests/541/Simi_Valley_Police
328,Siskiyou County Sheriff,https://www.localcrimenews.com/welcome/agencyarrests/2107/Siskiyou_County_Sheriff
329,Solano CHP,https://www.localcrimenews.com/welcome/agencyarrests/119/Solano_CHP
330,Solano County Sheriff,https://www.localcrimenews.com/welcome/agencyarrests/619/Solano_County_Sheriff
331,Sonoma County Sheriff,https://www.localcrimenews.com/welcome/agencyarrests/218/Sonoma_County_Sheriff
332,Sonora CHP,https://www.localcrimenews.com/welcome/agencyarrests/563/Sonora_CHP
333,South Gate Police,https://www.localcrimenews.com/welcome/agencyarrests/547/South_Gate_Police
334,South Lake Tahoe CHP,https://www.localcrimenews.com/welcome/agencyarrests/604/South_Lake_Tahoe_CHP
335,South Los Angeles CHP,https://www.localcrimenews.com/welcome/agencyarrests/486/South_Los_Angeles_CHP
336,South Sacramento CHP,https://www.localcrimenews.com/welcome/agencyarrests/660/South_Sacramento_CHP
337,South San Francisco Police,https://www.localcrimenews.com/welcome/agencyarrests/186/South_San_Francisco_Police
338,St Helena Police,https://www.localcrimenews.com/welcome/agencyarrests/2115/St_Helena_Police
339,Stanislaus County Sheriff,https://www.localcrimenews.com/welcome/agencyarrests/219/Stanislaus_County_Sheriff
340,Stockton CHP,https://www.localcrimenews.com/welcome/agencyarrests/606/Stockton_CHP
341,Sunnyvale Police,https://www.localcrimenews.com/welcome/agencyarrests/189/Sunnyvale_Police
342,Susanville CHP,https://www.localcrimenews.com/welcome/agencyarrests/234/Susanville_CHP
343,Sutter County Sheriff,https://www.localcrimenews.com/welcome/agencyarrests/220/Sutter_County_Sheriff
344,Tehama County Sheriff,https://www.localcrimenews.com/welcome/agencyarrests/221/Tehama_County_Sheriff
345,Temecula CHP,https://www.localcrimenews.com/welcome/agencyarrests/167/Temecula_CHP
346,Temple Sheriff Substation,https://www.localcrimenews.com/welcome/agencyarrests/551/Temple_Sheriff_Substation
347,Templeton CHP,https://www.localcrimenews.com/welcome/agencyarrests/306/Templeton_CHP
348,Torrance Police,https://www.localcrimenews.com/welcome/agencyarrests/163/Torrance_Police
349,Tracy CHP,https://www.localcrimenews.com/welcome/agencyarrests/607/Tracy_CHP
350,Trinity County Sheriff,https://www.localcrimenews.com/welcome/agencyarrests/222/Trinity_County_Sheriff
351,Trinity River CHP,https://www.localcrimenews.com/welcome/agencyarrests/596/Trinity_River_CHP
352,Truckee CHP,https://www.localcrimenews.com/welcome/agencyarrests/599/Truckee_CHP
353,Truckee Police,https://www.localcrimenews.com/welcome/agencyarrests/120/Truckee_Police
354,Tulare County Sheriff,https://www.localcrimenews.com/welcome/agencyarrests/223/Tulare_County_Sheriff
355,Tulare Police,https://www.localcrimenews.com/welcome/agencyarrests/166/Tulare_Police
356,Tuolumne County Sheriff,https://www.localcrimenews.com/welcome/agencyarrests/224/Tuolumne_County_Sheriff
357,Tustin Police,https://www.localcrimenews.com/welcome/agencyarrests/93/Tustin_Police
358,UC Irvine Police,https://www.localcrimenews.com/welcome/agencyarrests/763/UC_Irvine_Police
359,UC San Diego Police,https://www.localcrimenews.com/welcome/agencyarrests/2025/UC_San_Diego_Police
360,UCLA Police,https://www.localcrimenews.com/welcome/agencyarrests/2124/UCLA_Police
361,Ukiah CHP,https://www.localcrimenews.com/welcome/agencyarrests/590/Ukiah_CHP
362,Vacaville Police,https://www.localcrimenews.com/welcome/agencyarrests/98/Vacaville_Police
363,Vallejo Police,https://www.localcrimenews.com/welcome/agencyarrests/99/Vallejo_Police
364,Ventura CHP,https://www.localcrimenews.com/welcome/agencyarrests/228/Ventura_CHP
365,Ventura County Sheriff,https://www.localcrimenews.com/welcome/agencyarrests/225/Ventura_County_Sheriff
366,Ventura Police,https://www.localcrimenews.com/welcome/agencyarrests/2031/Ventura_Police
367,Vernon Police,https://www.localcrimenews.com/welcome/agencyarrests/100/Vernon_Police
368,Victorville CHP,https://www.localcrimenews.com/welcome/agencyarrests/213/Victorville_CHP
369,Visalia CHP,https://www.localcrimenews.com/welcome/agencyarrests/481/Visalia_CHP
370,Visalia Police,https://www.localcrimenews.com/welcome/agencyarrests/370/Visalia_Police
371,Walnut - Diamond Bar Sheriff Substation,https://www.localcrimenews.com/welcome/agencyarrests/373/Walnut_-_Diamond_Bar_Sheriff_Substation
372,Walnut Creek Police,https://www.localcrimenews.com/welcome/agencyarrests/374/Walnut_Creek_Police
373,Watsonville Police,https://www.localcrimenews.com/welcome/agencyarrests/377/Watsonville_Police
374,West Covina Police,https://www.localcrimenews.com/welcome/agencyarrests/348/West_Covina_Police
375,West Hollywood Sheriff Substation,https://www.localcrimenews.com/welcome/agencyarrests/349/West_Hollywood_Sheriff_Substation
376,West Los Angeles CHP,https://www.localcrimenews.com/welcome/agencyarrests/285/West_Los_Angeles_CHP
377,West Sacramento Police,https://www.localcrimenews.com/welcome/agencyarrests/353/West_Sacramento_Police
378,West Valley CHP,https://www.localcrimenews.com/welcome/agencyarrests/287/West_Valley_CHP
379,Westminster CHP,https://www.localcrimenews.com/welcome/agencyarrests/297/Westminster_CHP
380,Westminster Police,https://www.localcrimenews.com/welcome/agencyarrests/351/Westminster_Police
381,Whittier Police,https://www.localcrimenews.com/welcome/agencyarrests/588/Whittier_Police
382,Williams CHP,https://www.localcrimenews.com/welcome/agencyarrests/592/Williams_CHP
383,Willows CHP,https://www.localcrimenews.com/welcome/agencyarrests/593/Willows_CHP
384,Winterhaven CHP,https://www.localcrimenews.com/welcome/agencyarrests/289/Winterhaven_CHP
385,Woodland CHP,https://www.localcrimenews.com/welcome/agencyarrests/608/Woodland_CHP
386,Woodland Police,https://www.localcrimenews.com/welcome/agencyarrests/587/Woodland_Police
387,Yolo County Sheriff,https://www.localcrimenews.com/welcome/agencyarrests/246/Yolo_County_Sheriff
388,Yreka CHP,https://www.localcrimenews.com/welcome/agencyarrests/235/Yreka_CHP
389,Yuba County Sheriff,https://www.localcrimenews.com/welcome/agencyarrests/227/Yuba_County_Sheriff
390,Yuba-Sutter CHP,https://www.localcrimenews.com/welcome/agencyarrests/609/Yuba-Sutter_CHP
